business_id,date
31,2016-08-16
31,2016-08-16
45,2016-06-14
45,2016-06-14
45,2016-06-14
56,2016-08-02
73,2016-09-27
95,2016-07-18
95,2016-07-18
98,2016-03-16
116,2016-05-27
132,2016-05-09
132,2016-05-09
140,2016-04-14
178,2016-06-23
178,2016-06-23
187,2016-05-11
192,2016-06-28
192,2016-06-28
217,2016-09-12
231,2016-03-01
234,2016-09-27
234,2016-05-03
234,2016-05-03
239,2016-05-25
239,2016-05-25
239,2016-05-25
239,2016-05-25
247,2016-05-03
247,2016-05-03
251,2016-06-16
253,2016-06-22
258,2016-09-22
258,2016-09-22
258,2016-09-22
258,2016-04-07
267,2016-07-21
267,2016-07-21
272,2016-05-17
273,2016-09-20
273,2016-09-20
273,2016-09-20
281,2016-06-06
290,2016-06-15
298,2016-04-08
299,2016-07-05
300,2016-04-13
300,2016-04-13
300,2016-04-13
300,2016-04-13
305,2016-05-18
320,2016-09-20
320,2016-09-20
320,2016-09-20
337,2016-05-20
337,2016-05-20
379,2016-06-10
379,2016-06-10
385,2016-07-08
386,2016-04-29
393,2016-07-22
393,2016-07-22
397,2016-09-09
403,2016-07-01
413,2016-08-30
413,2016-08-30
420,2016-05-13
420,2016-05-04
420,2016-05-04
420,2016-05-04
421,2016-05-20
422,2016-09-27
423,2016-09-01
428,2016-07-07
429,2016-06-02
430,2016-05-20
431,2016-05-25
436,2016-06-08
436,2016-06-08
436,2016-06-08
443,2016-03-16
462,2016-05-20
463,2016-07-06
463,2016-07-06
468,2016-05-11
468,2016-05-11
470,2016-09-20
477,2016-04-06
477,2016-04-06
479,2016-07-29
483,2016-05-05
489,2016-07-21
489,2016-03-08
489,2016-03-08
494,2016-05-12
494,2016-05-12
505,2016-06-07
505,2016-06-07
507,2016-03-24
510,2016-05-23
510,2016-05-23
519,2016-08-09
522,2016-07-06
529,2016-06-14
538,2016-09-28
538,2016-09-28
538,2016-09-28
538,2016-04-11
542,2016-02-24
551,2016-03-21
552,2016-05-16
558,2016-02-29
580,2016-08-29
588,2016-06-15
591,2016-06-15
591,2016-06-15
597,2016-02-29
597,2016-02-29
606,2016-05-18
606,2016-05-18
610,2016-08-19
615,2016-07-18
619,2016-05-25
625,2016-09-21
625,2016-09-21
639,2016-03-03
639,2016-03-03
642,2016-06-17
659,2016-04-29
659,2016-04-29
670,2016-09-14
691,2016-09-19
691,2016-09-19
695,2016-09-30
695,2016-04-04
703,2016-06-17
703,2016-06-17
703,2016-06-17
703,2016-06-17
741,2016-06-10
741,2016-06-10
744,2016-06-24
744,2016-06-24
758,2016-08-09
786,2016-08-22
792,2016-04-14
796,2016-05-23
796,2016-05-23
798,2016-05-12
798,2016-05-12
799,2016-06-08
821,2016-06-06
824,2016-06-02
824,2016-06-02
827,2016-06-20
827,2016-06-20
827,2016-06-20
835,2016-06-13
835,2016-06-13
843,2016-05-25
845,2016-07-29
847,2016-05-17
852,2016-08-30
852,2016-08-30
854,2016-06-14
854,2016-06-14
854,2016-06-14
856,2016-07-07
874,2016-04-06
876,2016-05-18
876,2016-05-18
880,2016-04-29
880,2016-04-26
880,2016-04-26
880,2016-04-26
880,2016-04-26
884,2016-03-09
884,2016-03-09
884,2016-03-09
891,2016-05-03
892,2016-05-19
892,2016-05-19
892,2016-05-19
903,2016-06-30
917,2016-09-02
919,2016-03-30
935,2016-09-19
935,2016-09-19
935,2016-09-19
941,2016-08-04
941,2016-08-04
951,2016-04-26
951,2016-04-26
966,2016-06-09
972,2016-05-10
972,2016-05-10
984,2016-06-13
985,2016-06-14
985,2016-06-14
985,2016-06-14
994,2016-08-10
1000,2016-09-19
1002,2016-09-29
1003,2016-07-06
1005,2016-05-02
1005,2016-05-02
1005,2016-05-02
1018,2016-06-06
1036,2016-09-13
1036,2016-09-13
1102,2016-03-11
1102,2016-03-11
1111,2016-06-21
1144,2016-09-29
1144,2016-09-29
1144,2016-03-29
1144,2016-03-29
1146,2016-06-13
1146,2016-06-13
1146,2016-06-13
1146,2016-06-13
1146,2016-06-13
1151,2016-05-05
1154,2016-09-12
1154,2016-09-12
1154,2016-09-12
1154,2016-09-12
1154,2016-09-12
1156,2016-04-01
1199,2016-04-14
1199,2016-04-14
1244,2016-05-23
1244,2016-05-23
1249,2016-09-26
1318,2016-07-12
1318,2016-07-12
1322,2016-08-25
1337,2016-08-23
1339,2016-04-14
1345,2016-07-22
1345,2016-07-22
1345,2016-07-22
1351,2016-06-29
1381,2016-04-15
1396,2016-06-14
1398,2016-06-09
1426,2016-05-09
1426,2016-05-09
1427,2016-09-19
1438,2016-10-04
1438,2016-04-04
1444,2016-04-08
1454,2016-06-16
1465,2016-05-31
1482,2016-03-09
1482,2016-03-09
1508,2016-05-31
1508,2016-05-31
1515,2016-04-10
1516,2016-04-10
1517,2016-04-10
1517,2016-04-10
1526,2016-07-19
1565,2016-08-26
1565,2016-08-26
1565,2016-08-26
1566,2016-03-01
1566,2016-07-05
1571,2016-04-13
1571,2016-04-13
1579,2016-06-15
1582,2016-04-26
1582,2016-04-26
1584,2016-08-18
1584,2016-08-18
1594,2016-09-21
1594,2016-09-21
1594,2016-09-21
1594,2016-09-21
1594,2016-09-21
1595,2016-07-20
1607,2016-09-12
1607,2016-09-12
1608,2016-06-22
1609,2016-03-28
1609,2016-03-28
1617,2016-06-01
1617,2016-06-01
1617,2016-06-01
1617,2016-06-01
1619,2016-06-28
1626,2016-10-03
1631,2016-09-06
1631,2016-09-06
1631,2016-09-06
1641,2016-08-12
1641,2016-08-12
1641,2016-09-01
1641,2016-09-01
1641,2016-09-01
1674,2016-04-29
1685,2016-04-19
1685,2016-04-19
1692,2016-08-09
1692,2016-08-09
1692,2016-08-09
1703,2016-05-02
1703,2016-05-02
1710,2016-04-07
1710,2016-04-07
1724,2016-03-09
1724,2016-03-09
1724,2016-03-09
1734,2016-03-11
1734,2016-03-11
1741,2016-05-20
1753,2016-06-07
1753,2016-06-07
1757,2016-08-04
1757,2016-08-04
1768,2016-07-05
1778,2016-09-06
1791,2016-05-12
1791,2016-05-12
1791,2016-05-12
1792,2016-06-03
1792,2016-06-03
1797,2016-07-05
1815,2016-07-29
1823,2016-09-01
1823,2016-09-01
1829,2016-05-16
1830,2016-04-25
1830,2016-04-25
1833,2016-04-13
1833,2016-04-13
1833,2016-04-13
1836,2016-05-02
1837,2016-07-22
1843,2016-08-18
1843,2016-08-18
1844,2016-05-20
1852,2016-05-23
1870,2016-07-07
1870,2016-07-07
1870,2016-07-07
1880,2016-03-25
1880,2016-03-25
1894,2016-05-18
1896,2016-08-30
1896,2016-08-30
1903,2016-03-08
1903,2016-03-08
1903,2016-03-08
1921,2016-06-06
1921,2016-06-06
1922,2016-02-25
1930,2016-04-27
1930,2016-04-27
1942,2016-09-29
1942,2016-09-29
1942,2016-09-29
1942,2016-03-14
1942,2016-03-14
1950,2016-06-15
1952,2016-05-16
1959,2016-08-03
1959,2016-08-03
1968,2016-07-08
1968,2016-07-08
1968,2016-07-08
1972,2016-04-26
1972,2016-04-26
1977,2016-03-28
1989,2016-06-16
1992,2016-07-27
1992,2016-07-27
1992,2016-07-27
1992,2016-07-27
1994,2016-08-10
1994,2016-08-10
2004,2016-06-02
2008,2016-07-15
2008,2016-07-15
2012,2016-06-23
2012,2016-06-23
2027,2016-05-17
2027,2016-05-17
2031,2016-03-18
2031,2016-03-18
2039,2016-08-09
2047,2016-05-31
2050,2016-05-12
2051,2016-03-23
2055,2016-03-23
2055,2016-03-23
2057,2016-07-26
2066,2016-04-05
2066,2016-04-05
2066,2016-04-05
2070,2016-06-14
2070,2016-06-14
2070,2016-06-14
2070,2016-06-14
2094,2016-04-04
2107,2016-05-06
2107,2016-05-06
2110,2016-09-06
2110,2016-09-06
2110,2016-09-06
2110,2016-09-06
2110,2016-09-06
2131,2016-06-30
2134,2016-04-20
2134,2016-04-20
2143,2016-06-09
2143,2016-06-09
2172,2016-06-15
2175,2016-07-22
2189,2016-08-16
2189,2016-08-16
2193,2016-07-12
2193,2016-07-12
2193,2016-07-12
2193,2016-07-12
2216,2016-04-07
2216,2016-04-07
2219,2016-08-16
2219,2016-08-16
2223,2016-09-21
2223,2016-09-21
2223,2016-09-21
2233,2016-05-24
2234,2016-05-31
2240,2016-05-31
2240,2016-05-31
2245,2016-04-19
2249,2016-08-26
2249,2016-08-26
2256,2016-05-18
2256,2016-05-18
2261,2016-03-30
2262,2016-03-30
2263,2016-05-18
2263,2016-05-18
2263,2016-05-18
2263,2016-05-18
2266,2016-03-16
2280,2016-08-25
2280,2016-08-25
2280,2016-08-25
2282,2016-05-10
2282,2016-05-10
2292,2016-04-14
2292,2016-04-14
2299,2016-07-19
2309,2016-09-08
2309,2016-09-08
2318,2016-06-22
2331,2016-08-23
2331,2016-08-23
2331,2016-08-23
2331,2016-08-23
2334,2016-08-22
2336,2016-08-17
2336,2016-08-17
2336,2016-03-21
2336,2016-03-21
2336,2016-03-21
2347,2016-08-29
2347,2016-06-06
2356,2016-03-10
2369,2016-03-24
2369,2016-03-24
2369,2016-03-24
2374,2016-05-24
2387,2016-06-01
2387,2016-06-01
2418,2016-07-05
2421,2016-08-22
2428,2016-09-15
2428,2016-09-15
2428,2016-09-15
2447,2016-08-22
2447,2016-08-22
2454,2016-05-19
2454,2016-05-19
2455,2016-09-19
2455,2016-03-17
2483,2016-09-07
2497,2016-06-07
2519,2016-04-13
2535,2016-08-12
2542,2016-06-03
2542,2016-06-03
2553,2016-07-22
2559,2016-06-03
2559,2016-06-03
2589,2016-03-29
2596,2016-06-09
2596,2016-06-09
2599,2016-06-14
2599,2016-06-14
2601,2016-03-10
2622,2016-05-26
2622,2016-05-26
2632,2016-07-29
2646,2016-09-08
2646,2016-09-08
2659,2016-06-14
2659,2016-06-14
2659,2016-06-14
2690,2016-05-16
2692,2016-09-23
2692,2016-08-23
2692,2016-03-30
2692,2016-03-30
2716,2016-03-23
2716,2016-03-23
2717,2016-05-12
2717,2016-05-12
2717,2016-05-12
2724,2016-09-29
2724,2016-09-29
2725,2016-05-11
2739,2016-09-19
2739,2016-09-19
2739,2016-09-19
2750,2016-06-01
2758,2016-08-23
2758,2016-08-23
2758,2016-08-23
2764,2016-08-30
2764,2016-08-30
2764,2016-08-30
2764,2016-08-30
2764,2016-08-30
2766,2016-05-02
2766,2016-05-02
2768,2016-03-15
2768,2016-03-15
2777,2016-06-03
2778,2016-09-21
2778,2016-09-21
2785,2016-06-28
2785,2016-06-28
2785,2016-06-28
2798,2016-05-24
2798,2016-05-24
2807,2016-08-11
2808,2016-04-26
2808,2016-04-26
2808,2016-04-26
2821,2016-06-28
2836,2016-09-28
2836,2016-09-28
2841,2016-05-06
2843,2016-02-23
2854,2016-05-13
2854,2016-05-13
2866,2016-09-21
2883,2016-06-06
2885,2016-08-24
2885,2016-08-24
2902,2016-07-01
2902,2016-07-01
2917,2016-03-11
2919,2016-03-11
2919,2016-03-11
2926,2016-03-22
2933,2016-08-02
2934,2016-03-07
2934,2016-03-07
2941,2016-07-20
2941,2016-07-20
2941,2016-07-20
2941,2016-07-20
2942,2016-08-15
2942,2016-08-15
2943,2016-05-10
2943,2016-05-10
2952,2016-08-03
2955,2016-06-08
2957,2016-07-12
2969,2016-05-11
2969,2016-05-11
2970,2016-05-24
2972,2016-05-16
2972,2016-05-16
2973,2016-02-24
2974,2016-07-22
2974,2016-05-27
2980,2016-05-09
3006,2016-06-28
3006,2016-06-28
3014,2016-06-08
3016,2016-06-07
3016,2016-06-07
3016,2016-06-07
3016,2016-06-07
3019,2016-05-05
3021,2016-04-27
3025,2016-05-02
3025,2016-05-02
3029,2016-03-14
3029,2016-03-14
3029,2016-03-14
3029,2016-03-14
3031,2016-09-29
3031,2016-09-29
3031,2016-09-29
3031,2016-03-29
3038,2016-06-20
3043,2016-04-29
3046,2016-06-27
3048,2016-04-22
3050,2016-04-27
3053,2016-05-12
3055,2016-09-20
3065,2016-09-01
3065,2016-09-01
3073,2016-08-23
3073,2016-08-23
3073,2016-08-23
3076,2016-08-15
3076,2016-08-15
3076,2016-08-15
3084,2016-09-07
3084,2016-09-07
3095,2016-06-30
3102,2016-08-30
3115,2016-06-13
3121,2016-09-13
3122,2016-06-02
3123,2016-09-28
3123,2016-09-28
3133,2016-04-11
3155,2016-04-08
3160,2016-08-26
3160,2016-08-26
3160,2016-03-08
3160,2016-03-08
3160,2016-03-08
3161,2016-06-22
3167,2016-04-12
3167,2016-04-12
3167,2016-04-12
3186,2016-04-05
3196,2016-06-10
3211,2016-08-15
3211,2016-08-15
3218,2016-06-01
3228,2016-03-30
3237,2016-09-27
3237,2016-09-27
3237,2016-09-27
3237,2016-04-05
3237,2016-04-05
3241,2016-09-06
3241,2016-09-06
3241,2016-03-31
3241,2016-03-31
3241,2016-03-31
3252,2016-07-25
3252,2016-07-25
3252,2016-07-25
3253,2016-04-13
3253,2016-04-13
3256,2016-10-05
3280,2016-09-13
3280,2016-09-13
3280,2016-09-13
3285,2016-03-24
3285,2016-03-24
3286,2016-07-05
3286,2016-07-05
3296,2016-04-29
3299,2016-04-13
3324,2016-03-03
3325,2016-08-16
3325,2016-03-01
3325,2016-03-01
3325,2016-03-01
3329,2016-08-10
3335,2016-08-15
3338,2016-06-14
3338,2016-06-14
3350,2016-03-25
3350,2016-03-25
3394,2016-04-19
3405,2016-08-09
3420,2016-09-01
3425,2016-09-19
3429,2016-05-16
3432,2016-04-18
3432,2016-04-18
3433,2016-06-01
3437,2016-04-25
3443,2016-07-26
3444,2016-05-04
3449,2016-05-23
3456,2016-08-18
3456,2016-08-18
3456,2016-08-18
3456,2016-08-18
3476,2016-06-21
3480,2016-05-24
3480,2016-05-24
3482,2016-04-25
3491,2016-08-02
3491,2016-08-02
3491,2016-08-02
3497,2016-05-25
3498,2016-05-16
3504,2016-06-30
3522,2016-04-12
3522,2016-04-12
3524,2016-07-29
3528,2016-07-06
3529,2016-04-26
3547,2016-05-17
3547,2016-05-17
3550,2016-04-05
3550,2016-04-05
3571,2016-08-02
3571,2016-08-02
3571,2016-08-02
3571,2016-08-02
3591,2016-09-16
3591,2016-09-16
3607,2016-05-27
3611,2016-06-28
3611,2016-06-28
3614,2016-05-09
3614,2016-05-09
3614,2016-05-09
3616,2016-05-25
3616,2016-05-25
3623,2016-08-19
3639,2016-07-25
3643,2016-06-22
3649,2016-09-30
3649,2016-09-30
3649,2016-09-30
3665,2016-08-02
3665,2016-08-02
3665,2016-08-02
3665,2016-08-02
3676,2016-08-16
3693,2016-08-16
3693,2016-08-16
3727,2016-07-13
3727,2016-07-13
3727,2016-07-13
3728,2016-08-10
3728,2016-08-10
3728,2016-08-10
3738,2016-08-29
3738,2016-08-29
3757,2016-06-22
3757,2016-06-22
3816,2016-07-28
3816,2016-07-28
3816,2016-07-28
3817,2016-04-07
3817,2016-04-07
3834,2016-03-28
3834,2016-03-28
3834,2016-03-28
3859,2016-08-17
3861,2016-05-03
3861,2016-05-03
3862,2016-07-12
3862,2016-07-12
3862,2016-07-12
3868,2016-03-08
3869,2016-07-11
3870,2016-06-08
3870,2016-06-08
3870,2016-06-08
3871,2016-08-23
3875,2016-07-06
3875,2016-07-06
3875,2016-07-06
3875,2016-07-06
3877,2016-05-03
3881,2016-05-11
3885,2016-06-16
3885,2016-06-16
3895,2016-07-29
3895,2016-07-29
3895,2016-07-29
3910,2016-06-21
3910,2016-06-21
3910,2016-06-21
3920,2016-05-16
3920,2016-05-16
3936,2016-04-05
3948,2016-03-28
3953,2016-08-16
3953,2016-08-16
3953,2016-08-16
3955,2016-09-16
3955,2016-09-16
3955,2016-09-16
3982,2016-08-24
3982,2016-08-24
4068,2016-05-20
4071,2016-04-28
4072,2016-05-20
4072,2016-05-20
4127,2016-05-14
4127,2016-05-14
4145,2016-07-05
4158,2016-04-18
4249,2016-03-04
4421,2016-08-17
4421,2016-03-30
4449,2016-06-28
4449,2016-06-28
4461,2016-07-22
4476,2016-03-07
4502,2016-05-24
4502,2016-05-24
4509,2016-05-10
4519,2016-09-01
4519,2016-05-09
4538,2016-10-04
4538,2016-10-04
4538,2016-04-22
4544,2016-06-07
4545,2016-03-17
4546,2016-02-27
4555,2016-04-14
4590,2016-07-15
4590,2016-07-15
4590,2016-07-15
4590,2016-07-15
4607,2016-03-16
4607,2016-03-16
4607,2016-03-16
4607,2016-03-16
4614,2016-08-16
4614,2016-08-16
4614,2016-04-19
4620,2016-08-22
4620,2016-08-22
4621,2016-06-27
4621,2016-06-27
4621,2016-06-27
4622,2016-09-19
4622,2016-09-19
4622,2016-05-04
4622,2016-05-04
4622,2016-05-04
4622,2016-05-04
4623,2016-05-02
4638,2016-08-01
4638,2016-08-01
4638,2016-08-01
4642,2016-03-14
4642,2016-03-14
4642,2016-03-14
4643,2016-05-12
4643,2016-05-12
4650,2016-05-27
4654,2016-06-17
4654,2016-06-17
4654,2016-06-17
4665,2016-05-24
4667,2016-06-02
4670,2016-09-01
4670,2016-09-01
4670,2016-09-01
4670,2016-09-01
4670,2016-03-24
4670,2016-03-24
4683,2016-08-31
4686,2016-06-03
4686,2016-06-03
4694,2016-06-06
4702,2016-09-16
4703,2016-09-19
4703,2016-09-19
4703,2016-09-19
4705,2016-03-16
4705,2016-03-16
4706,2016-09-19
4706,2016-09-19
4716,2016-09-14
4718,2016-07-26
4734,2016-05-28
4734,2016-05-28
4734,2016-05-28
4734,2016-05-28
4753,2016-05-05
4753,2016-05-05
4754,2016-07-25
4754,2016-07-25
4754,2016-07-25
4762,2016-04-18
4774,2016-08-23
4774,2016-08-23
4774,2016-08-23
4777,2016-08-24
4777,2016-08-24
4782,2016-08-18
4782,2016-08-18
4787,2016-06-28
4789,2016-06-30
4789,2016-06-30
4791,2016-08-22
4791,2016-08-22
4797,2016-09-08
4797,2016-03-08
4798,2016-09-03
4803,2016-06-14
4803,2016-06-14
4803,2016-06-14
4803,2016-06-14
4804,2016-06-27
4804,2016-06-27
4806,2016-07-01
4824,2016-08-19
4842,2016-06-21
4842,2016-06-21
4846,2016-06-14
4846,2016-06-14
4850,2016-04-19
4859,2016-07-29
4859,2016-07-29
4874,2016-05-02
4874,2016-05-02
4893,2016-05-18
4893,2016-05-18
4914,2016-03-23
4917,2016-09-06
4917,2016-09-06
4917,2016-09-06
4922,2016-05-19
4932,2016-06-07
4932,2016-06-07
4935,2016-03-01
4944,2016-06-22
4957,2016-07-14
4960,2016-10-03
4978,2016-03-07
4986,2016-08-30
4986,2016-03-14
4986,2016-03-14
4986,2016-03-14
4986,2016-03-14
5010,2016-03-31
5011,2016-09-02
5016,2016-06-14
5016,2016-06-14
5017,2016-07-14
5025,2016-08-04
5038,2016-05-28
5038,2016-05-28
5039,2016-03-29
5071,2016-03-22
5071,2016-03-22
5074,2016-06-10
5074,2016-06-10
5084,2016-09-23
5090,2016-10-03
5090,2016-10-03
5090,2016-10-03
5090,2016-04-12
5090,2016-04-12
5090,2016-04-12
5090,2016-04-12
5090,2016-04-12
5096,2016-07-20
5150,2016-07-08
5150,2016-07-08
5256,2016-09-20
5256,2016-09-20
5257,2016-06-10
5258,2016-06-23
5268,2016-08-15
5291,2016-02-29
5297,2016-02-24
5307,2016-06-03
5310,2016-06-03
5310,2016-06-03
5441,2016-08-19
5564,2016-05-16
5913,2016-09-06
5913,2016-09-06
5913,2016-04-07
5925,2016-08-25
5925,2016-08-25
5925,2016-08-25
5925,2016-03-23
5925,2016-03-23
5927,2016-09-20
5927,2016-03-24
5938,2016-09-14
5938,2016-09-14
5938,2016-09-14
5942,2016-09-09
5942,2016-04-18
5950,2016-08-31
5950,2016-04-19
5952,2016-04-18
5959,2016-05-13
5959,2016-05-13
5960,2016-05-06
5961,2016-09-19
5961,2016-09-19
5970,2016-09-13
6500,2016-08-03
6620,2016-08-01
6620,2016-08-01
6643,2016-06-09
6643,2016-06-09
6643,2016-06-09
6643,2016-06-09
6734,2016-05-16
6800,2016-05-19
6860,2016-04-14
6860,2016-04-14
6860,2016-04-14
6912,2016-08-11
6912,2016-08-11
6912,2016-08-11
7033,2016-06-01
7055,2016-05-25
7055,2016-05-25
7055,2016-05-25
7055,2016-05-25
7105,2016-07-19
7216,2016-09-24
7216,2016-09-24
7216,2016-09-24
7243,2016-06-06
7276,2016-05-09
7361,2016-05-03
7372,2016-04-07
7475,2016-03-16
7482,2016-04-07
7488,2016-07-12
7488,2016-07-12
7493,2016-04-20
7512,2016-03-31
7512,2016-03-31
7527,2016-08-12
7530,2016-09-03
7538,2016-03-16
7561,2016-03-23
7571,2016-06-09
7571,2016-06-09
7575,2016-06-03
7575,2016-06-03
7610,2016-06-29
7617,2016-08-11
7618,2016-08-11
7643,2016-09-27
7643,2016-09-27
7643,2016-09-27
7643,2016-09-27
7643,2016-09-27
7643,2016-09-27
7652,2016-07-18
7652,2016-07-18
7652,2016-07-18
7655,2016-09-13
7664,2016-09-23
7678,2016-07-25
7678,2016-07-25
7678,2016-07-25
7678,2016-07-25
7711,2016-06-08
7711,2016-06-08
7711,2016-06-08
7715,2016-09-13
7736,2016-07-06
7736,2016-07-06
7736,2016-07-06
7745,2016-04-22
7747,2016-06-09
7761,2016-05-02
7762,2016-07-06
7762,2016-07-06
7771,2016-07-01
7778,2016-08-10
7786,2016-03-21
7880,2016-07-29
7997,2016-06-29
8202,2016-05-10
8202,2016-05-10
8249,2016-08-24
8948,2016-05-31
9164,2016-08-12
9164,2016-08-12
9208,2016-09-13
9232,2016-04-05
9298,2016-05-26
9328,2016-10-04
9599,2016-07-12
9631,2016-05-04
9679,2016-05-31
9679,2016-05-31
9710,2016-07-11
9727,2016-08-03
9745,2016-07-22
10083,2016-03-15
10102,2016-03-29
10102,2016-03-29
10131,2016-08-01
10170,2016-09-22
10332,2016-07-26
10332,2016-07-26
10332,2016-07-26
10332,2016-03-16
10332,2016-03-16
10363,2016-09-07
10376,2016-05-16
10470,2016-09-23
10470,2016-09-23
10540,2016-07-29
10615,2016-07-13
10625,2016-05-05
10625,2016-05-05
10876,2016-07-01
10877,2016-06-23
10877,2016-06-23
10877,2016-06-23
10931,2016-03-09
10931,2016-03-09
10986,2016-08-10
10990,2016-05-31
10990,2016-05-31
11018,2016-08-02
11304,2016-08-19
11304,2016-08-19
11416,2016-05-02
11568,2016-08-03
11860,2016-03-31
11860,2016-03-31
12344,2016-05-11
13426,2016-04-29
13427,2016-08-03
13671,2016-09-19
13814,2016-09-30
13814,2016-09-30
13814,2016-09-30
13814,2016-09-30
13814,2016-03-17
13831,2016-08-08
13831,2016-08-08
13965,2016-05-31
14071,2016-08-02
14075,2016-07-11
14568,2016-05-02
14568,2016-05-02
14568,2016-05-02
14577,2016-05-09
14743,2016-04-29
15055,2016-06-28
15120,2016-07-06
15806,2016-02-24
16432,2016-05-16
16441,2016-06-20
17411,2016-09-12
17411,2016-09-12
17411,2016-02-29
17411,2016-02-29
17411,2016-02-29
17522,2016-08-03
17523,2016-08-03
17523,2016-08-03
17523,2016-08-03
17570,2016-08-29
17723,2016-06-23
17779,2016-05-27
17779,2016-05-27
17933,2016-02-26
17933,2016-02-26
17947,2016-05-10
17947,2016-05-10
18047,2016-03-02
18079,2016-05-02
18126,2016-05-06
18268,2016-06-15
18310,2016-08-25
18403,2016-05-04
18403,2016-05-04
18443,2016-05-17
18443,2016-05-17
18443,2016-05-17
18443,2016-05-17
18480,2016-09-20
18480,2016-03-23
18480,2016-03-23
18480,2016-03-23
18480,2016-03-23
18581,2016-05-19
18606,2016-06-24
18686,2016-06-23
18686,2016-06-23
18728,2016-08-12
18728,2016-08-12
18755,2016-07-12
18767,2016-09-23
18767,2016-09-23
18767,2016-04-08
18800,2016-09-13
18800,2016-09-13
18800,2016-09-13
18800,2016-03-09
18800,2016-03-09
18805,2016-06-07
18824,2016-06-08
18824,2016-06-17
18826,2016-09-26
18826,2016-09-26
18870,2016-06-16
18870,2016-06-16
18874,2016-05-09
18981,2016-06-15
19002,2016-09-29
19002,2016-09-29
19002,2016-02-25
19003,2016-08-02
19003,2016-08-02
19003,2016-08-02
19003,2016-08-02
19003,2016-08-02
19043,2016-05-18
19043,2016-05-18
19055,2016-06-02
19055,2016-06-02
19055,2016-06-02
19056,2016-06-02
19057,2016-06-02
19057,2016-06-02
19058,2016-06-02
19094,2016-10-04
19138,2016-06-02
19138,2016-06-02
19138,2016-06-02
19277,2016-09-30
19277,2016-05-09
19357,2016-06-09
19357,2016-06-09
19357,2016-06-09
19386,2016-06-07
19386,2016-06-07
19641,2016-06-16
19641,2016-06-16
19641,2016-06-16
19641,2016-06-16
20116,2016-05-11
20116,2016-05-11
20291,2016-03-11
20327,2016-06-01
20367,2016-06-13
20367,2016-06-13
20367,2016-06-13
20367,2016-06-13
20924,2016-07-29
21101,2016-03-25
21785,2016-08-25
21909,2016-07-06
21982,2016-06-06
22606,2016-04-14
22606,2016-04-14
23068,2016-08-30
23068,2016-08-30
23704,2016-03-28
23865,2016-08-16
23865,2016-08-16
24198,2016-05-06
24198,2016-05-06
24198,2016-05-06
24198,2016-05-06
24437,2016-08-05
24457,2016-05-12
24572,2016-04-26
24572,2016-04-26
24936,2016-06-09
24936,2016-06-09
24936,2016-06-09
25151,2016-04-08
25167,2016-06-22
25167,2016-06-22
25404,2016-08-18
25572,2016-09-08
25572,2016-09-08
25572,2016-09-08
25572,2016-09-08
25572,2016-09-08
25572,2016-04-12
25572,2016-04-12
26149,2016-07-01
26343,2016-08-15
26343,2016-03-09
27053,2016-08-31
27053,2016-03-03
27053,2016-03-03
27053,2016-03-03
27055,2016-07-29
27055,2016-02-24
27055,2016-02-24
27055,2016-03-30
27056,2016-10-04
27056,2016-10-04
27056,2016-10-04
27056,2016-10-04
27377,2016-08-26
27377,2016-04-20
27377,2016-04-20
27472,2016-04-13
27680,2016-03-07
27680,2016-03-07
27680,2016-03-07
27793,2016-09-27
27793,2016-09-27
27793,2016-03-23
27799,2016-02-29
27799,2016-07-11
27947,2016-07-13
27947,2016-07-13
27964,2016-04-15
27986,2016-04-18
28206,2016-07-20
28206,2016-07-20
28318,2016-08-01
29246,2016-05-02
29246,2016-05-02
29304,2016-04-02
29304,2016-04-02
29429,2016-07-06
29950,2016-06-21
29950,2016-06-21
29956,2016-06-01
29956,2016-06-01
30478,2016-03-14
30496,2016-07-19
30496,2016-07-19
32170,2016-08-16
32200,2016-06-01
32200,2016-06-01
32578,2016-05-31
32579,2016-07-25
32671,2016-06-29
32682,2016-06-07
32683,2016-06-07
32684,2016-06-07
32684,2016-06-07
32693,2016-06-15
32698,2016-07-13
32698,2016-07-13
32702,2016-09-21
32702,2016-09-21
32729,2016-05-09
32729,2016-05-09
32736,2016-07-27
32736,2016-07-27
32736,2016-07-27
32736,2016-07-27
32818,2016-07-05
32823,2016-08-22
32835,2016-08-09
32845,2016-07-05
32845,2016-07-05
32845,2016-07-05
32862,2016-06-28
32862,2016-06-28
33056,2016-05-12
33113,2016-03-22
33125,2016-08-24
33125,2016-08-24
33145,2016-08-15
33173,2016-09-21
33173,2016-03-31
33173,2016-03-31
33198,2016-03-10
33222,2016-04-29
33272,2016-04-01
33315,2016-05-18
33386,2016-05-12
33388,2016-06-24
33442,2016-08-04
33468,2016-10-04
33468,2016-10-04
33527,2016-06-17
33527,2016-06-17
33527,2016-06-17
33568,2016-08-25
33568,2016-08-25
33620,2016-05-25
33638,2016-06-16
33700,2016-04-12
33710,2016-08-16
33712,2016-06-01
33712,2016-06-01
33728,2016-06-03
33837,2016-05-12
33911,2016-05-09
33914,2016-08-03
33916,2016-08-23
33920,2016-05-20
33920,2016-05-20
33920,2016-05-20
33920,2016-05-20
34033,2016-05-02
34066,2016-03-09
34126,2016-05-27
34144,2016-06-15
34144,2016-06-15
34161,2016-04-26
34184,2016-06-14
34184,2016-06-14
34221,2016-07-20
34221,2016-07-20
34222,2016-07-20
34388,2016-06-15
34388,2016-06-15
34395,2016-07-29
34423,2016-05-31
34458,2016-08-22
34458,2016-08-22
34676,2016-06-02
34676,2016-06-02
34710,2016-04-29
34726,2016-07-20
34726,2016-07-20
34726,2016-07-20
34743,2016-08-26
34787,2016-05-23
34814,2016-04-20
34865,2016-03-04
34865,2016-02-26
34885,2016-08-16
34885,2016-08-16
35199,2016-06-10
35199,2016-06-10
35221,2016-08-02
35221,2016-08-02
35221,2016-08-02
35221,2016-08-02
35464,2016-09-21
35469,2016-06-03
35469,2016-06-03
35565,2016-07-12
35565,2016-07-12
35591,2016-08-23
35659,2016-05-27
35659,2016-05-27
35702,2016-05-09
35702,2016-05-09
35771,2016-04-19
35786,2016-05-20
35805,2016-04-18
35828,2016-10-04
35828,2016-10-04
35852,2016-04-27
36001,2016-05-04
36024,2016-04-01
36160,2016-06-16
36201,2016-08-17
36208,2016-05-13
36208,2016-05-13
36208,2016-05-13
36412,2016-05-03
36452,2016-07-19
36474,2016-08-11
36494,2016-07-13
36494,2016-07-13
36494,2016-07-13
36512,2016-08-25
36512,2016-08-25
36534,2016-09-07
36534,2016-09-07
36570,2016-07-01
36570,2016-07-01
36618,2016-09-13
36618,2016-09-13
36673,2016-09-01
36685,2016-03-22
36750,2016-06-20
36840,2016-03-16
36850,2016-10-05
36850,2016-10-05
36850,2016-10-05
37060,2016-07-27
37060,2016-07-27
37115,2016-07-06
37152,2016-07-12
37152,2016-07-12
37170,2016-05-23
37232,2016-08-23
37256,2016-07-05
37256,2016-07-05
37361,2016-03-28
37389,2016-05-02
37405,2016-06-13
37405,2016-06-13
37405,2016-06-13
37407,2016-07-12
37407,2016-07-12
37407,2016-07-12
37456,2016-09-06
37462,2016-05-20
37507,2016-05-18
37633,2016-05-19
37633,2016-05-19
37633,2016-05-19
37654,2016-05-31
37654,2016-05-31
37654,2016-05-31
37667,2016-08-18
37667,2016-08-18
37698,2016-07-27
37717,2016-03-03
37731,2016-08-02
37802,2016-06-07
37818,2016-09-30
37818,2016-09-30
37820,2016-05-09
37882,2016-03-22
38072,2016-05-24
38072,2016-05-24
38072,2016-07-06
38073,2016-06-20
38091,2016-05-18
38112,2016-05-02
38112,2016-05-02
38179,2016-05-17
38179,2016-05-17
38197,2016-04-21
38202,2016-08-12
38202,2016-08-12
38202,2016-08-12
38202,2016-08-12
38231,2016-08-25
38231,2016-04-01
38258,2016-08-25
38258,2016-08-25
38258,2016-08-25
38427,2016-09-28
38427,2016-09-28
38428,2016-06-02
38428,2016-06-02
38442,2016-04-18
38442,2016-04-18
38447,2016-07-06
38458,2016-05-12
38479,2016-08-19
38530,2016-05-12
38566,2016-07-14
38580,2016-09-21
38580,2016-09-21
38580,2016-09-21
38580,2016-03-21
38580,2016-03-21
38580,2016-03-21
38788,2016-07-22
38798,2016-05-18
38808,2016-08-31
38808,2016-03-10
38808,2016-03-10
38808,2016-03-10
38875,2016-09-15
38929,2016-07-01
39048,2016-06-23
39048,2016-06-23
39050,2016-03-18
39053,2016-08-12
39113,2016-06-27
39113,2016-06-27
39119,2016-07-18
39119,2016-07-18
39119,2016-07-18
39176,2016-04-07
39176,2016-04-07
39176,2016-04-07
39205,2016-05-13
39295,2016-07-28
39396,2016-09-27
39396,2016-09-27
39396,2016-09-27
39396,2016-09-27
39398,2016-09-23
39426,2016-05-28
39482,2016-04-10
39495,2016-04-08
39513,2016-06-22
39513,2016-06-22
39586,2016-05-14
39615,2016-04-13
39615,2016-03-30
39667,2016-09-06
39693,2016-05-18
39693,2016-05-18
39695,2016-06-23
39695,2016-06-23
39810,2016-07-28
39810,2016-03-08
39810,2016-03-08
39810,2016-03-08
39862,2016-07-07
39888,2016-09-29
39888,2016-02-24
40123,2016-05-11
40123,2016-05-11
40144,2016-05-12
40151,2016-07-26
40216,2016-09-14
40217,2016-05-02
40217,2016-05-02
57579,2016-06-06
57579,2016-06-06
57584,2016-10-03
57584,2016-04-18
57584,2016-04-18
57653,2016-05-05
57698,2016-03-03
57751,2016-04-05
57755,2016-07-20
57755,2016-03-11
57755,2016-03-11
57755,2016-03-11
57774,2016-07-19
57774,2016-07-19
58576,2016-09-01
58576,2016-09-01
58576,2016-09-01
58576,2016-09-01
58610,2016-09-01
58611,2016-09-26
58628,2016-04-13
58637,2016-07-18
58637,2016-07-18
58718,2016-07-13
58718,2016-07-13
58803,2016-06-21
58850,2016-09-06
58850,2016-09-06
58861,2016-03-30
58861,2016-03-30
58879,2016-06-15
58879,2016-06-15
58879,2016-06-15
58922,2016-08-31
59002,2016-05-24
59009,2016-09-26
59009,2016-09-26
59025,2016-05-25
59025,2016-05-25
59025,2016-05-25
59041,2016-05-20
59044,2016-07-19
59044,2016-07-19
59044,2016-07-19
59044,2016-07-19
59065,2016-06-07
59065,2016-06-07
59153,2016-04-15
59153,2016-04-15
59178,2016-06-09
59289,2016-06-02
59289,2016-06-02
59289,2016-06-02
59331,2016-04-26
59407,2016-09-26
59407,2016-09-26
59407,2016-03-28
59407,2016-03-28
59577,2016-09-07
59577,2016-09-07
59577,2016-05-02
59599,2016-07-14
59651,2016-08-19
59651,2016-08-19
59727,2016-04-06
59727,2016-04-06
59727,2016-04-06
59761,2016-08-16
59777,2016-08-23
59777,2016-08-23
59777,2016-08-23
59828,2016-07-11
59828,2016-07-11
59828,2016-07-11
59838,2016-05-31
59838,2016-05-31
59872,2016-07-20
60355,2016-05-23
59988,2016-03-08
59988,2016-03-08
60042,2016-07-13
60042,2016-07-13
60114,2016-09-23
60114,2016-09-23
60115,2016-08-09
60115,2016-08-09
60210,2016-03-30
60210,2016-03-30
60210,2016-06-08
60256,2016-04-18
60290,2016-06-20
60290,2016-06-20
60334,2016-06-29
60334,2016-06-29
60334,2016-06-29
60334,2016-06-29
60345,2016-08-01
60354,2016-07-11
60354,2016-07-11
60354,2016-07-11
60355,2016-05-23
60355,2016-05-23
60355,2016-05-23
60355,2016-05-23
60380,2016-07-25
60380,2016-07-25
60472,2016-05-24
60472,2016-05-24
60518,2016-05-11
60518,2016-05-11
60544,2016-09-29
60550,2016-07-01
60555,2016-05-18
60602,2016-09-20
60602,2016-09-20
60628,2016-08-03
60628,2016-08-03
60649,2016-08-16
60713,2016-07-22
60737,2016-10-03
60737,2016-10-03
60823,2016-08-16
60823,2016-08-16
60824,2016-08-16
60824,2016-08-16
60825,2016-08-16
60825,2016-08-16
60828,2016-05-13
60898,2016-05-10
60933,2016-04-18
60963,2016-09-12
60984,2016-08-16
60984,2016-08-16
61016,2016-09-03
61056,2016-09-14
61056,2016-03-02
61073,2016-06-24
61073,2016-06-24
61135,2016-06-20
61135,2016-06-20
61136,2016-07-25
61136,2016-07-25
61206,2016-08-24
61206,2016-08-24
61206,2016-08-24
61356,2016-07-18
61390,2016-09-06
61391,2016-08-26
61391,2016-08-26
61391,2016-04-06
61391,2016-04-06
61391,2016-04-06
61427,2016-07-19
61427,2016-07-19
61427,2016-07-19
61493,2016-04-29
61499,2016-06-03
61512,2016-06-28
61512,2016-06-28
61595,2016-04-13
61595,2016-04-13
61595,2016-04-13
61598,2016-09-13
61598,2016-09-13
61635,2016-09-07
61669,2016-04-27
61669,2016-04-27
61669,2016-04-27
61697,2016-08-23
61697,2016-08-23
61728,2016-09-20
61789,2016-04-05
61789,2016-04-05
61816,2016-07-28
61816,2016-07-28
61816,2016-07-28
61816,2016-07-28
61856,2016-04-13
61856,2016-04-13
61915,2016-05-27
61915,2016-05-27
61915,2016-05-27
61953,2016-06-09
61953,2016-06-09
62010,2016-04-15
62051,2016-07-20
62057,2016-05-26
62057,2016-05-26
62057,2016-05-26
62060,2016-05-23
62064,2016-08-19
62064,2016-08-19
62064,2016-04-11
62064,2016-04-11
62179,2016-06-29
62179,2016-06-29
62277,2016-04-29
62334,2016-09-16
62334,2016-09-16
62334,2016-09-16
62358,2016-03-30
62358,2016-03-30
62445,2016-06-22
62521,2016-06-07
62521,2016-06-07
62532,2016-04-06
62532,2016-04-06
62532,2016-04-06
62548,2016-08-04
62548,2016-08-04
62560,2016-05-31
62573,2016-08-10
62688,2016-03-03
62688,2016-03-03
62688,2016-03-03
62708,2016-05-18
62744,2016-08-31
62768,2016-05-13
62768,2016-05-13
62768,2016-05-13
62784,2016-09-21
62814,2016-03-29
62849,2016-08-23
62849,2016-08-23
62849,2016-08-23
62853,2016-05-06
62896,2016-08-19
62896,2016-08-19
62939,2016-09-07
62943,2016-09-02
62943,2016-09-02
62943,2016-09-02
62978,2016-08-30
62978,2016-08-30
62978,2016-08-30
62990,2016-06-15
62990,2016-06-15
63084,2016-06-01
63095,2016-07-14
63119,2016-07-18
63119,2016-07-18
63119,2016-05-16
63121,2016-08-05
63124,2016-09-29
63131,2016-06-22
63136,2016-04-26
63256,2016-04-07
63256,2016-04-07
63265,2016-09-23
63265,2016-09-23
63265,2016-09-23
63286,2016-06-13
63286,2016-06-13
63413,2016-07-01
63488,2016-07-22
63503,2016-07-20
63601,2016-05-25
63601,2016-05-25
63615,2016-06-08
63619,2016-08-29
63619,2016-05-20
63755,2016-06-08
63755,2016-06-08
63757,2016-03-04
63757,2016-03-04
63757,2016-07-11
63757,2016-07-11
63757,2016-07-11
63763,2016-07-29
63763,2016-07-29
63763,2016-07-29
63763,2016-07-29
63780,2016-07-25
63804,2016-06-13
63804,2016-06-13
63804,2016-06-13
63893,2016-09-20
63926,2016-09-06
63926,2016-09-06
64076,2016-04-12
64076,2016-04-12
64141,2016-04-27
64154,2016-09-27
64154,2016-09-27
64161,2016-02-29
64161,2016-02-29
64176,2016-04-19
64231,2016-07-26
64231,2016-07-26
64231,2016-07-26
64308,2016-07-26
64308,2016-07-26
64338,2016-07-18
64377,2016-09-22
64380,2016-04-14
64380,2016-04-14
64384,2016-06-29
64466,2016-07-08
64492,2016-07-15
64502,2016-09-30
64502,2016-03-17
64513,2016-05-18
64549,2016-05-25
64549,2016-05-25
64612,2016-08-25
64612,2016-08-25
64612,2016-08-25
64612,2016-08-25
64790,2016-07-19
64805,2016-04-12
64805,2016-04-12
64814,2016-08-01
64814,2016-08-01
64814,2016-02-24
64814,2016-02-24
64814,2016-02-24
64917,2016-07-21
64917,2016-07-21
64945,2016-06-21
64945,2016-06-21
65012,2016-08-02
65012,2016-08-02
65050,2016-06-08
65050,2016-06-08
65050,2016-06-08
65050,2016-06-08
65050,2016-06-08
65051,2016-06-21
65060,2016-06-03
65066,2016-08-10
65066,2016-08-10
65086,2016-07-12
65086,2016-07-12
65086,2016-07-12
65103,2016-05-27
65115,2016-09-27
65137,2016-08-10
65137,2016-08-10
65137,2016-08-10
65181,2016-07-22
65238,2016-06-06
65270,2016-06-03
65348,2016-09-21
65348,2016-09-21
65350,2016-09-27
65358,2016-08-03
65382,2016-09-21
65412,2016-09-19
65412,2016-09-19
65415,2016-05-11
65442,2016-07-05
65442,2016-07-05
65442,2016-07-05
65468,2016-07-27
65468,2016-07-27
65485,2016-09-24
65485,2016-09-24
65531,2016-08-10
65549,2016-09-01
65554,2016-08-26
65554,2016-03-08
65561,2016-04-19
65561,2016-04-19
65561,2016-04-19
65561,2016-04-29
65580,2016-05-11
65580,2016-05-11
65580,2016-05-11
65624,2016-05-25
65649,2016-06-01
65649,2016-06-01
65677,2016-05-05
65677,2016-05-05
65754,2016-09-06
65754,2016-09-06
65791,2016-04-27
65791,2016-04-27
65829,2016-06-30
65830,2016-07-22
65830,2016-07-22
65831,2016-06-08
65831,2016-06-08
65831,2016-06-08
65852,2016-02-26
65856,2016-08-25
65856,2016-08-25
65856,2016-08-25
65856,2016-08-25
65857,2016-06-07
65873,2016-08-15
65896,2016-08-17
65896,2016-08-17
65925,2016-04-06
65925,2016-04-06
66173,2016-05-16
66185,2016-09-26
66220,2016-08-25
66220,2016-08-25
66229,2016-06-07
66255,2016-05-16
66276,2016-08-23
66276,2016-08-23
66280,2016-04-15
66280,2016-04-15
66280,2016-04-15
66297,2016-08-29
66297,2016-02-29
66336,2016-07-25
66336,2016-07-25
66361,2016-04-06
66361,2016-04-06
66363,2016-05-31
66384,2016-07-28
66384,2016-07-28
66406,2016-09-28
66406,2016-09-28
66406,2016-05-10
66406,2016-05-10
66406,2016-05-10
66418,2016-05-17
66418,2016-05-17
66418,2016-05-17
66515,2016-07-27
66515,2016-07-27
66515,2016-07-27
66515,2016-07-27
66515,2016-07-27
66534,2016-04-13
66536,2016-04-13
66536,2016-04-13
66584,2016-08-09
66584,2016-08-09
66612,2016-03-10
66637,2016-03-15
66675,2016-06-22
66675,2016-06-22
66679,2016-05-03
66679,2016-05-03
66695,2016-06-14
66705,2016-05-12
66705,2016-05-12
66705,2016-05-12
66705,2016-05-12
66711,2016-08-05
66715,2016-08-09
66732,2016-06-27
66732,2016-06-27
66736,2016-04-12
66736,2016-04-12
66736,2016-04-12
66800,2016-03-03
66800,2016-03-03
66800,2016-03-03
66800,2016-03-03
66811,2016-05-04
66861,2016-09-20
66874,2016-04-26
66874,2016-04-26
66895,2016-06-03
66895,2016-06-03
66900,2016-08-16
66925,2016-08-24
66961,2016-03-11
66961,2016-03-11
66961,2016-03-11
66985,2016-07-01
66985,2016-07-01
66990,2016-06-01
66990,2016-06-01
66990,2016-06-01
66999,2016-06-07
67043,2016-05-12
67043,2016-05-12
67043,2016-05-12
67043,2016-05-12
67067,2016-07-29
67075,2016-09-12
67093,2016-09-23
67122,2016-04-20
67122,2016-04-20
67123,2016-08-02
67124,2016-05-28
67124,2016-05-28
67124,2016-05-28
67154,2016-06-15
67154,2016-06-15
67154,2016-06-15
67160,2016-08-11
67160,2016-08-11
67186,2016-08-04
67218,2016-08-03
67237,2016-04-14
67237,2016-04-14
67262,2016-04-12
67276,2016-04-30
67276,2016-04-30
67303,2016-05-27
67330,2016-08-25
67330,2016-08-25
67330,2016-08-25
67330,2016-08-25
67356,2016-04-07
67356,2016-04-07
67356,2016-04-07
67359,2016-09-15
67359,2016-09-15
67427,2016-05-04
67432,2016-06-09
67489,2016-07-27
67552,2016-03-23
67552,2016-03-23
67554,2016-09-02
67554,2016-09-02
67554,2016-09-02
67567,2016-05-16
67602,2016-05-20
67612,2016-03-04
67615,2016-08-11
67615,2016-08-11
67615,2016-08-11
67676,2016-04-20
67676,2016-04-20
67741,2016-04-20
67806,2016-07-29
67806,2016-07-29
67809,2016-06-09
67828,2016-05-31
67828,2016-05-31
67839,2016-03-15
67840,2016-09-17
67865,2016-05-13
67865,2016-05-13
67869,2016-03-01
67894,2016-07-21
67919,2016-05-05
67936,2016-03-24
67936,2016-03-24
67943,2016-07-06
67982,2016-09-30
67982,2016-09-30
67982,2016-03-24
67982,2016-03-24
67982,2016-03-24
67985,2016-06-28
67985,2016-06-28
68018,2016-06-10
68036,2016-08-15
68036,2016-08-15
68036,2016-08-15
68037,2016-09-19
68042,2016-02-24
68042,2016-02-24
68042,2016-02-24
68042,2016-02-24
68042,2016-02-24
68104,2016-08-29
68104,2016-04-28
68104,2016-04-28
68104,2016-04-28
68131,2016-06-06
68131,2016-06-06
68148,2016-06-24
68148,2016-06-24
68158,2016-08-23
68172,2016-07-27
68173,2016-07-15
68220,2016-05-24
68242,2016-07-25
68242,2016-07-25
68254,2016-06-28
68254,2016-06-28
68261,2016-05-18
68262,2016-07-13
68278,2016-03-10
68278,2016-03-10
68281,2016-09-14
68281,2016-09-14
68281,2016-09-14
68281,2016-09-14
68281,2016-09-14
68298,2016-06-30
68321,2016-04-07
68321,2016-04-07
68331,2016-06-08
68331,2016-06-08
68351,2016-07-08
68351,2016-07-08
68353,2016-10-03
68360,2016-04-05
68360,2016-04-05
68360,2016-04-05
68379,2016-08-22
68379,2016-08-22
68390,2016-08-29
68390,2016-08-29
68401,2016-04-26
68412,2016-08-30
68421,2016-06-16
68422,2016-06-16
68428,2016-04-27
68428,2016-04-27
68428,2016-04-27
68430,2016-05-17
68431,2016-09-20
68431,2016-09-20
68433,2016-03-09
68433,2016-03-09
68433,2016-03-09
68433,2016-03-09
68433,2016-03-09
68442,2016-08-04
68442,2016-08-04
68442,2016-08-04
68442,2016-08-04
68442,2016-08-04
68451,2016-04-27
68452,2016-04-19
68452,2016-04-19
68454,2016-02-23
68454,2016-02-23
68483,2016-08-16
68503,2016-04-05
68503,2016-04-05
68508,2016-10-04
68508,2016-10-04
68508,2016-10-04
68540,2016-06-17
68540,2016-06-17
68544,2016-05-09
68544,2016-05-09
68544,2016-05-09
68560,2016-09-12
68600,2016-08-10
68608,2016-05-17
68608,2016-05-17
68618,2016-04-06
68626,2016-05-27
68629,2016-06-06
68633,2016-05-03
68633,2016-05-03
68644,2016-06-03
68690,2016-04-08
68696,2016-06-14
68699,2016-03-17
68699,2016-03-17
68701,2016-02-24
68763,2016-03-04
68768,2016-06-07
68773,2016-08-23
68773,2016-08-23
68784,2016-05-10
68784,2016-05-10
68799,2016-05-26
68799,2016-05-26
68808,2016-06-28
68808,2016-06-28
68808,2016-06-28
68811,2016-03-24
68827,2016-07-26
68831,2016-03-25
68831,2016-03-25
68831,2016-03-25
68860,2016-08-26
68860,2016-08-26
68860,2016-08-26
68860,2016-04-06
68860,2016-04-06
68860,2016-04-06
68865,2016-06-28
68872,2016-09-16
68872,2016-09-16
68890,2016-08-03
68895,2016-03-10
68961,2016-07-22
68963,2016-04-05
68963,2016-04-05
68974,2016-06-03
68986,2016-09-06
68986,2016-09-06
68998,2016-06-28
68998,2016-06-28
69016,2016-03-04
69016,2016-03-04
69026,2016-06-07
69041,2016-06-07
69044,2016-08-14
69048,2016-04-10
69066,2016-09-26
69081,2016-06-15
69115,2016-09-14
69115,2016-09-14
69118,2016-07-14
69125,2016-09-29
69172,2016-05-24
69175,2016-06-01
69175,2016-06-01
69175,2016-06-01
69175,2016-06-01
69181,2016-03-30
69189,2016-06-09
69195,2016-04-29
69195,2016-04-29
69205,2016-04-26
69205,2016-04-26
69207,2016-04-12
69217,2016-06-15
69217,2016-06-15
69249,2016-04-21
69253,2016-06-30
69257,2016-05-05
69257,2016-05-05
69259,2016-04-11
69282,2016-10-03
69282,2016-10-03
69282,2016-04-13
69288,2016-05-31
69294,2016-03-28
69294,2016-03-28
69302,2016-05-24
69302,2016-05-24
69317,2016-09-14
69317,2016-09-14
69324,2016-04-13
69351,2016-06-30
69351,2016-06-30
69353,2016-09-07
69353,2016-09-07
69368,2016-05-05
69368,2016-05-05
69380,2016-08-03
69388,2016-09-21
69392,2016-06-30
69392,2016-06-30
69392,2016-06-30
69392,2016-06-30
69392,2016-06-30
69403,2016-06-13
69403,2016-06-13
69419,2016-08-10
69419,2016-08-10
69465,2016-03-02
69466,2016-04-05
69466,2016-04-05
69475,2016-08-17
69492,2016-05-05
69492,2016-05-05
69501,2016-08-25
69501,2016-08-25
69501,2016-08-25
69501,2016-03-14
69501,2016-03-14
69512,2016-07-27
69512,2016-07-27
69512,2016-07-27
69512,2016-07-27
69512,2016-07-27
69512,2016-07-27
69520,2016-05-03
69520,2016-05-03
69520,2016-05-03
69527,2016-04-07
69576,2016-07-27
69584,2016-05-12
69584,2016-05-12
69590,2016-05-06
69592,2016-03-29
69592,2016-03-29
69606,2016-07-20
69606,2016-07-20
69618,2016-07-26
69618,2016-07-26
69627,2016-03-19
69635,2016-04-07
69653,2016-07-22
69653,2016-07-22
69666,2016-08-10
69682,2016-10-03
69691,2016-03-11
69694,2016-05-13
69707,2016-03-19
69722,2016-06-13
69737,2016-08-23
69750,2016-04-14
69750,2016-04-14
69752,2016-07-29
69759,2016-07-08
69759,2016-07-08
69759,2016-07-08
69759,2016-07-08
69762,2016-04-13
69762,2016-04-13
69762,2016-04-13
69762,2016-04-13
69769,2016-06-28
69786,2016-04-06
69792,2016-04-12
69792,2016-04-12
69813,2016-04-19
69828,2016-05-18
69849,2016-03-07
69863,2016-05-25
69881,2016-05-11
69881,2016-05-11
69881,2016-05-11
69884,2016-06-30
69885,2016-07-27
69885,2016-07-27
69942,2016-07-01
69962,2016-06-17
69962,2016-06-17
69962,2016-06-17
69984,2016-09-14
69984,2016-02-25
69984,2016-02-25
69984,2016-02-25
70017,2016-04-05
70022,2016-03-31
70034,2016-06-14
70064,2016-06-07
70064,2016-06-07
70064,2016-06-07
70068,2016-04-26
70068,2016-04-26
70132,2016-08-03
70138,2016-03-11
70171,2016-07-12
70182,2016-06-24
70182,2016-06-24
70216,2016-08-10
70217,2016-02-29
70225,2016-02-23
70225,2016-02-23
70306,2016-09-06
70365,2016-08-04
70365,2016-08-04
70365,2016-08-04
70486,2016-03-30
70486,2016-03-30
70494,2016-09-21
70494,2016-09-21
70516,2016-02-25
70521,2016-06-01
70521,2016-06-01
70521,2016-06-01
70562,2016-04-06
70562,2016-04-06
70619,2016-06-15
70686,2016-07-25
70713,2016-05-03
70717,2016-09-14
70717,2016-09-14
70717,2016-09-14
70717,2016-03-11
70723,2016-05-18
70755,2016-03-28
70758,2016-02-25
70780,2016-03-31
70823,2016-03-16
70838,2016-06-10
70838,2016-06-10
70849,2016-03-03
70856,2016-04-07
70892,2016-06-15
70892,2016-06-15
70892,2016-06-15
70892,2016-06-15
70914,2016-06-27
70920,2016-09-20
70922,2016-03-10
70960,2016-07-21
70983,2016-05-04
70983,2016-05-04
70996,2016-06-21
70996,2016-06-21
70996,2016-06-21
71008,2016-05-10
71012,2016-03-02
71012,2016-03-02
71012,2016-03-02
71012,2016-03-02
71088,2016-06-06
71131,2016-10-05
71131,2016-10-05
71187,2016-08-23
71232,2016-03-08
71232,2016-03-08
71232,2016-03-08
71232,2016-03-08
71286,2016-08-31
71286,2016-02-23
71286,2016-02-23
71287,2016-09-12
71301,2016-05-16
71310,2016-06-01
71310,2016-06-01
71311,2016-06-10
71314,2016-03-16
71314,2016-03-16
71314,2016-03-16
71322,2016-07-29
71322,2016-07-29
71322,2016-07-29
71327,2016-06-06
71357,2016-08-26
71362,2016-06-10
71380,2016-03-01
71380,2016-03-01
71380,2016-03-01
71385,2016-08-19
71416,2016-03-09
71428,2016-06-01
71473,2016-06-15
71473,2016-06-15
71473,2016-06-15
71522,2016-06-29
71563,2016-07-05
71664,2016-09-24
71691,2016-03-21
71716,2016-03-25
71723,2016-06-07
71723,2016-06-07
71760,2016-02-25
71769,2016-08-18
71769,2016-02-25
71784,2016-08-18
71831,2016-07-05
71831,2016-07-05
71831,2016-07-05
71909,2016-03-18
71915,2016-09-02
71915,2016-09-02
71962,2016-04-01
71962,2016-04-01
71969,2016-05-13
71980,2016-09-08
71980,2016-03-28
71980,2016-03-28
71994,2016-05-05
71994,2016-05-05
72002,2016-05-25
72015,2016-04-19
72016,2016-04-26
72016,2016-04-26
72020,2016-03-30
72024,2016-07-29
72025,2016-05-26
72025,2016-05-26
72025,2016-05-26
72027,2016-06-01
72027,2016-06-01
72046,2016-08-18
72046,2016-08-18
72049,2016-08-10
72049,2016-08-10
72049,2016-03-30
72049,2016-03-30
72073,2016-08-26
72073,2016-08-26
72120,2016-04-12
72120,2016-04-12
72129,2016-03-28
72132,2016-04-12
72153,2016-08-09
72159,2016-04-22
72164,2016-04-18
72164,2016-04-18
72171,2016-08-24
72176,2016-02-25
72176,2016-02-25
73889,2016-03-22
73889,2016-03-22
73889,2016-03-22
73902,2016-05-04
73902,2016-05-04
73940,2016-07-30
73955,2016-04-12
73955,2016-04-12
73955,2016-04-12
73963,2016-03-16
73963,2016-03-16
73963,2016-03-16
73967,2016-05-13
73967,2016-05-13
73998,2016-04-07
73998,2016-04-07
74013,2016-05-31
74084,2016-07-27
74084,2016-07-27
74084,2016-07-27
74131,2016-09-09
74133,2016-06-03
74149,2016-05-24
74149,2016-05-24
74202,2016-09-23
74210,2016-04-06
74238,2016-07-18
74240,2016-07-12
74283,2016-08-25
74283,2016-08-25
74294,2016-05-24
74312,2016-09-12
74312,2016-09-12
74312,2016-02-26
74312,2016-02-26
74312,2016-02-26
74312,2016-02-26
74336,2016-08-14
74336,2016-04-10
74358,2016-05-11
74371,2016-06-02
74371,2016-06-02
74399,2016-05-25
74399,2016-05-25
74429,2016-04-06
74429,2016-04-06
74432,2016-09-30
74432,2016-09-30
74432,2016-09-30
74432,2016-09-30
74432,2016-03-25
74432,2016-03-25
74432,2016-03-25
74481,2016-05-09
74522,2016-07-14
74522,2016-07-14
74563,2016-04-19
74563,2016-04-19
74591,2016-08-15
74593,2016-05-12
74671,2016-07-25
74680,2016-05-16
74680,2016-05-16
74722,2016-05-24
74756,2016-04-15
74761,2016-04-08
74800,2016-06-06
74800,2016-06-06
74800,2016-06-06
74800,2016-06-06
74800,2016-06-06
74826,2016-07-19
74826,2016-07-19
74829,2016-09-23
74829,2016-09-23
74829,2016-09-23
74854,2016-09-01
75029,2016-08-04
74866,2016-06-13
74869,2016-09-19
74869,2016-09-19
74922,2016-04-30
74922,2016-04-30
74922,2016-04-30
74959,2016-09-22
74959,2016-09-22
74975,2016-08-15
74975,2016-08-15
74981,2016-04-20
74981,2016-04-20
74981,2016-04-20
75013,2016-07-05
75029,2016-08-04
75063,2016-08-30
75108,2016-07-18
75108,2016-07-18
75113,2016-09-01
75139,2016-07-13
75139,2016-07-13
75139,2016-07-13
75139,2016-07-13
75147,2016-05-04
75187,2016-05-26
75187,2016-05-26
75204,2016-06-13
75217,2016-08-31
75217,2016-08-31
75229,2016-03-11
75277,2016-05-24
75349,2016-05-27
75402,2016-05-24
75409,2016-09-06
75409,2016-09-06
75409,2016-09-06
75429,2016-06-08
75448,2016-08-29
75464,2016-05-17
75523,2016-05-11
75526,2016-03-09
75572,2016-09-16
75574,2016-06-14
75575,2016-08-24
75575,2016-08-24
75575,2016-08-24
75604,2016-08-09
75636,2016-05-19
75636,2016-05-19
75636,2016-05-19
75636,2016-05-19
75637,2016-08-29
75662,2016-05-11
75662,2016-05-11
75678,2016-08-31
75681,2016-06-08
75681,2016-06-08
75701,2016-09-19
75701,2016-09-19
75701,2016-09-19
75726,2016-07-20
75738,2016-04-12
75778,2016-06-13
75778,2016-06-13
75850,2016-07-11
75851,2016-07-15
75888,2016-03-29
75942,2016-07-20
75942,2016-07-20
75956,2016-08-22
75956,2016-08-22
75956,2016-08-22
75965,2016-06-10
76033,2016-09-13
76033,2016-09-13
76033,2016-03-23
76033,2016-03-23
76035,2016-10-04
76035,2016-04-11
76035,2016-04-11
76061,2016-06-08
76061,2016-06-08
76074,2016-06-07
76196,2016-06-15
76196,2016-06-15
76218,2016-05-23
76218,2016-05-23
76218,2016-05-23
76223,2016-08-14
76233,2016-04-10
76285,2016-04-04
76323,2016-06-09
76409,2016-06-01
76409,2016-06-01
76411,2016-06-07
76437,2016-09-16
76437,2016-09-16
76437,2016-09-16
76437,2016-03-29
76441,2016-05-17
76464,2016-05-28
76477,2016-04-26
76477,2016-04-26
76477,2016-04-26
76510,2016-09-20
76510,2016-09-20
76510,2016-09-20
76510,2016-09-20
76510,2016-09-20
76544,2016-06-28
76545,2016-08-17
76546,2016-09-22
76615,2016-05-04
76676,2016-07-27
76676,2016-07-27
76676,2016-07-27
76681,2016-07-08
76681,2016-07-08
76681,2016-07-08
76685,2016-02-23
76687,2016-07-12
76729,2016-05-04
76729,2016-05-04
76735,2016-06-08
76799,2016-09-21
76817,2016-09-02
76817,2016-09-02
76817,2016-09-02
76826,2016-05-18
76826,2016-05-18
76826,2016-05-18
76832,2016-02-24
76832,2016-02-24
76876,2016-09-08
76876,2016-09-08
76876,2016-09-08
76876,2016-09-08
76886,2016-03-31
76905,2016-07-13
76905,2016-07-13
76906,2016-08-12
76906,2016-02-23
76906,2016-02-23
76906,2016-02-23
76906,2016-02-23
76926,2016-06-07
76926,2016-06-07
76930,2016-08-30
76930,2016-03-21
76942,2016-06-21
76957,2016-09-27
76958,2016-09-20
76958,2016-09-20
76958,2016-04-06
76958,2016-02-25
76962,2016-03-29
76998,2016-09-01
77005,2016-09-16
77031,2016-09-30
77031,2016-09-30
77031,2016-09-30
77031,2016-03-25
77031,2016-03-25
77031,2016-03-25
77080,2016-06-03
77098,2016-07-29
77108,2016-04-13
77108,2016-04-13
77108,2016-04-13
77108,2016-04-13
77162,2016-04-19
77162,2016-04-19
77168,2016-05-02
77169,2016-07-12
77403,2016-08-02
77404,2016-08-02
77425,2016-07-06
77425,2016-07-06
77425,2016-07-06
77430,2016-08-19
77430,2016-08-19
77432,2016-05-16
77433,2016-07-11
77442,2016-07-11
77484,2016-03-29
77515,2016-08-03
77532,2016-06-14
77558,2016-06-07
77558,2016-06-07
77564,2016-05-03
77632,2016-03-08
77632,2016-03-08
77642,2016-06-30
77644,2016-06-21
77645,2016-08-23
77645,2016-08-23
77645,2016-08-23
77665,2016-06-17
77666,2016-05-11
77666,2016-05-11
77667,2016-09-29
77667,2016-02-29
77681,2016-06-09
77681,2016-06-09
77750,2016-10-03
77755,2016-05-27
77755,2016-05-27
77759,2016-05-11
77759,2016-05-11
77759,2016-05-11
77759,2016-05-11
77769,2016-04-20
77769,2016-04-20
77771,2016-03-29
77772,2016-09-22
77772,2016-09-22
77772,2016-03-07
77778,2016-05-02
77778,2016-05-02
77778,2016-05-02
77781,2016-05-12
77826,2016-03-18
77890,2016-05-13
77890,2016-05-13
77918,2016-03-11
77918,2016-03-11
77951,2016-08-10
77951,2016-08-10
77958,2016-06-08
77958,2016-06-08
77958,2016-06-08
77960,2016-06-02
77960,2016-06-02
77960,2016-06-02
77973,2016-04-20
77973,2016-04-20
77973,2016-04-20
77973,2016-04-20
78021,2016-06-07
78055,2016-06-13
78055,2016-06-13
78074,2016-05-19
78074,2016-05-19
78074,2016-05-19
78102,2016-06-28
78102,2016-06-28
78102,2016-06-28
78113,2016-06-28
78113,2016-06-28
78171,2016-07-27
78184,2016-04-11
78184,2016-04-11
78207,2016-07-15
78207,2016-07-15
78207,2016-07-15
78213,2016-09-22
78215,2016-05-05
78216,2016-08-08
78220,2016-04-06
78241,2016-08-04
78275,2016-07-29
78289,2016-03-29
78289,2016-03-29
78289,2016-03-29
78306,2016-07-19
78306,2016-07-19
78328,2016-09-14
78328,2016-09-14
78328,2016-08-24
78328,2016-08-24
78328,2016-08-24
78328,2016-09-14
78332,2016-07-29
78332,2016-07-29
78332,2016-07-29
78332,2016-07-29
78332,2016-07-29
78337,2016-05-18
78338,2016-07-05
78338,2016-07-05
78347,2016-05-20
78366,2016-05-20
78368,2016-08-14
78371,2016-08-14
78373,2016-04-10
78374,2016-08-14
78374,2016-04-10
78390,2016-05-05
78425,2016-05-27
78425,2016-05-27
78452,2016-06-06
78452,2016-06-06
78472,2016-05-06
78472,2016-05-06
78473,2016-04-21
78489,2016-09-22
78516,2016-05-23
78516,2016-05-23
78521,2016-08-17
78528,2016-06-17
78528,2016-06-17
78555,2016-06-22
78563,2016-07-08
78579,2016-09-14
78621,2016-07-18
78621,2016-07-18
78642,2016-06-29
78642,2016-06-29
78642,2016-06-29
78645,2016-07-19
78645,2016-07-19
78662,2016-09-13
78662,2016-09-13
78662,2016-03-01
78662,2016-03-01
78662,2016-03-01
78663,2016-08-02
78663,2016-08-02
78669,2016-08-24
78670,2016-06-27
78671,2016-08-12
78698,2016-05-23
78698,2016-05-23
78698,2016-05-23
78701,2016-05-07
78705,2016-08-26
78705,2016-08-26
78706,2016-03-21
78706,2016-03-21
78709,2016-05-04
78727,2016-06-29
78727,2016-06-29
78756,2016-05-19
78779,2016-03-03
78779,2016-03-03
78781,2016-08-11
78835,2016-07-22
78835,2016-07-22
78844,2016-03-03
78844,2016-03-03
78852,2016-09-01
78865,2016-05-24
78865,2016-05-24
78865,2016-05-24
78889,2016-06-22
78889,2016-06-22
78934,2016-06-24
78934,2016-06-24
78941,2016-07-06
78943,2016-06-10
78962,2016-09-01
78963,2016-07-05
78983,2016-06-02
79000,2016-05-20
79000,2016-05-20
79000,2016-05-20
79011,2016-04-10
79050,2016-05-02
79050,2016-05-02
79053,2016-05-26
79069,2016-07-08
79125,2016-04-05
79130,2016-03-19
79138,2016-06-21
79145,2016-08-10
79145,2016-08-10
79146,2016-08-14
79168,2016-07-08
79168,2016-07-08
79168,2016-07-08
79186,2016-04-13
79194,2016-04-27
79194,2016-04-27
79194,2016-04-27
79196,2016-06-14
79196,2016-06-14
79206,2016-08-30
79212,2016-09-14
79247,2016-06-13
79248,2016-07-26
79248,2016-07-26
79248,2016-07-26
79248,2016-07-26
79252,2016-07-15
79272,2016-09-29
79272,2016-09-29
79272,2016-07-20
79272,2016-09-29
79272,2016-07-20
79272,2016-07-20
79272,2016-07-20
79272,2016-07-20
79272,2016-07-20
79272,2016-07-20
79296,2016-08-09
79299,2016-08-09
79329,2016-07-14
79366,2016-07-06
79366,2016-07-06
79366,2016-07-06
79366,2016-07-06
79366,2016-02-26
79366,2016-02-26
79401,2016-04-18
79406,2016-04-12
79412,2016-05-06
79415,2016-06-13
79415,2016-06-13
79427,2016-07-06
79430,2016-06-08
79430,2016-06-08
79430,2016-06-08
79430,2016-06-08
79515,2016-09-21
79515,2016-09-21
79518,2016-09-28
79525,2016-05-09
79525,2016-05-09
79527,2016-09-01
79528,2016-03-11
79528,2016-03-11
79565,2016-08-24
79589,2016-04-10
79599,2016-08-03
79625,2016-08-12
79625,2016-06-22
79625,2016-06-22
79626,2016-04-28
79626,2016-04-28
79632,2016-09-07
79632,2016-03-22
79633,2016-06-01
79633,2016-06-01
79633,2016-06-01
79654,2016-06-14
79654,2016-06-14
79654,2016-06-14
79654,2016-06-14
79661,2016-06-02
79704,2016-06-23
79704,2016-06-23
79756,2016-07-08
79782,2016-05-03
79783,2016-06-14
79801,2016-06-13
79804,2016-05-18
79804,2016-05-18
79805,2016-09-02
79805,2016-03-28
79834,2016-06-09
79858,2016-09-14
79858,2016-08-02
79892,2016-06-27
79905,2016-04-10
79916,2016-03-28
79990,2016-06-22
79990,2016-06-22
79990,2016-06-22
80045,2016-06-06
80051,2016-04-08
80051,2016-04-08
80079,2016-08-12
80079,2016-04-05
80112,2016-02-25
80112,2016-02-25
80112,2016-02-25
80112,2016-02-25
80112,2016-07-14
80137,2016-10-05
80164,2016-08-03
80164,2016-08-03
80164,2016-08-03
80173,2016-05-11
80233,2016-07-18
80233,2016-07-18
80236,2016-03-29
80236,2016-03-29
80237,2016-05-27
80242,2016-05-09
80243,2016-03-29
80243,2016-03-29
80260,2016-07-25
80260,2016-07-25
80273,2016-03-10
80273,2016-03-10
80280,2016-04-15
80286,2016-03-22
80288,2016-10-04
80288,2016-04-04
80312,2016-04-19
80312,2016-04-19
80313,2016-04-25
80416,2016-08-24
80416,2016-08-24
80416,2016-08-24
80419,2016-09-30
80419,2016-09-30
80419,2016-09-30
80421,2016-07-13
80421,2016-07-13
80422,2016-05-13
80422,2016-05-13
80479,2016-07-15
80479,2016-07-15
80495,2016-06-29
80495,2016-06-29
80514,2016-05-03
80514,2016-05-03
80524,2016-03-15
80534,2016-06-23
80545,2016-06-13
80545,2016-06-13
80545,2016-06-13
80552,2016-05-16
80552,2016-05-16
80573,2016-03-15
80587,2016-10-05
80587,2016-10-05
80588,2016-09-01
80614,2016-04-29
80614,2016-04-29
80614,2016-04-29
80627,2016-09-09
80627,2016-09-09
80627,2016-09-09
80629,2016-08-30
80659,2016-06-23
80669,2016-03-24
80669,2016-03-24
80682,2016-08-03
80682,2016-03-03
80763,2016-09-13
80763,2016-09-13
80767,2016-09-20
80767,2016-09-20
80773,2016-05-16
80773,2016-05-16
80798,2016-06-09
80798,2016-06-09
80824,2016-03-09
80829,2016-03-04
80832,2016-05-26
80931,2016-06-14
80931,2016-06-14
80931,2016-07-01
80940,2016-08-15
80940,2016-03-28
80940,2016-03-28
80964,2016-05-09
80964,2016-05-09
80964,2016-05-09
80979,2016-07-18
80989,2016-05-20
81033,2016-08-22
81071,2016-07-18
81071,2016-07-18
81077,2016-08-22
81077,2016-08-22
81088,2016-07-27
81089,2016-06-22
81092,2016-07-01
81092,2016-07-01
81092,2016-07-01
81106,2016-08-11
81106,2016-08-11
81106,2016-08-11
81106,2016-08-11
81106,2016-08-11
81116,2016-07-06
81116,2016-07-06
81116,2016-07-06
81116,2016-07-06
81116,2016-07-06
81153,2016-03-24
81161,2016-03-25
81166,2016-06-17
81174,2016-05-24
81174,2016-05-24
81174,2016-05-24
81174,2016-05-24
81179,2016-08-15
81179,2016-08-15
81179,2016-03-10
81179,2016-03-10
81179,2016-03-10
81187,2016-05-09
81187,2016-05-09
81187,2016-05-09
81202,2016-06-03
81244,2016-04-25
81244,2016-04-25
81250,2016-07-27
81255,2016-07-27
81258,2016-06-23
81269,2016-02-26
81269,2016-02-26
81277,2016-09-27
81277,2016-09-27
81277,2016-09-27
81287,2016-05-05
81287,2016-05-05
81287,2016-05-05
81303,2016-06-27
81328,2016-09-09
81328,2016-09-09
81339,2016-07-19
81341,2016-02-25
81341,2016-02-25
81355,2016-05-26
81355,2016-05-26
81355,2016-05-26
81356,2016-04-13
81357,2016-08-10
81368,2016-04-14
81383,2016-04-18
81440,2016-04-20
81440,2016-04-20
81440,2016-04-20
81442,2016-06-23
81442,2016-06-23
81442,2016-06-23
81458,2016-02-29
81458,2016-02-29
81460,2016-06-15
81460,2016-06-15
81460,2016-06-15
81460,2016-06-15
81461,2016-06-29
81471,2016-06-01
81471,2016-06-01
81484,2016-06-13
81528,2016-05-02
81528,2016-05-02
81531,2016-04-14
81531,2016-04-14
81540,2016-03-23
81540,2016-03-23
81579,2016-09-02
81579,2016-09-02
81579,2016-09-02
81606,2016-10-04
81606,2016-09-22
81607,2016-06-21
81607,2016-06-21
81651,2016-08-09
81667,2016-09-01
81667,2016-09-01
81680,2016-09-30
81680,2016-03-31
81688,2016-05-25
81688,2016-05-25
81719,2016-09-19
81719,2016-09-19
81756,2016-05-10
81756,2016-05-10
81757,2016-04-04
81757,2016-04-04
81758,2016-04-04
81758,2016-04-04
81789,2016-05-28
81812,2016-09-20
81815,2016-06-22
81845,2016-06-29
81886,2016-05-03
81886,2016-05-03
81887,2016-06-24
81904,2016-05-25
81904,2016-05-25
81906,2016-05-25
81906,2016-05-25
81940,2016-08-05
81956,2016-07-13
81956,2016-07-13
81956,2016-07-13
81976,2016-06-29
81976,2016-06-29
81976,2016-06-29
81978,2016-04-28
81999,2016-08-27
81999,2016-08-27
82009,2016-09-16
82009,2016-03-04
82009,2016-03-04
82036,2016-04-10
82042,2016-02-29
82078,2016-06-17
82097,2016-04-19
82102,2016-05-28
82105,2016-02-23
82107,2016-05-25
82107,2016-05-25
82111,2016-07-01
82123,2016-06-13
82123,2016-06-13
82123,2016-06-13
82142,2016-06-27
82142,2016-06-27
82142,2016-06-27
82142,2016-06-27
82145,2016-06-06
82196,2016-03-04
82217,2016-03-24
82228,2016-09-09
82228,2016-09-09
82232,2016-09-28
82276,2016-03-09
82290,2016-08-09
82290,2016-03-29
82290,2016-03-29
82332,2016-03-31
82339,2016-09-02
82339,2016-09-02
82339,2016-09-02
82345,2016-06-24
82354,2016-07-13
82361,2016-07-20
82361,2016-07-20
82361,2016-07-20
82361,2016-07-20
82361,2016-07-20
82373,2016-04-15
82373,2016-04-15
82376,2016-07-20
82376,2016-07-20
82376,2016-07-20
82410,2016-03-16
82429,2016-09-29
82452,2016-05-13
82469,2016-04-20
82469,2016-04-20
82469,2016-04-20
82485,2016-08-01
82485,2016-08-01
82494,2016-04-05
82494,2016-04-05
82538,2016-06-21
82538,2016-06-21
82538,2016-06-21
82607,2016-07-26
82649,2016-09-15
82649,2016-09-15
82649,2016-04-05
82649,2016-04-05
82655,2016-05-06
82680,2016-07-06
82690,2016-08-11
82695,2016-05-10
82695,2016-05-10
82697,2016-05-28
82715,2016-05-24
82718,2016-05-24
82718,2016-05-24
82733,2016-08-02
82733,2016-08-02
82803,2016-08-10
82821,2016-09-23
82846,2016-04-10
82847,2016-04-10
82852,2016-04-10
82869,2016-07-05
82880,2016-05-27
82880,2016-05-27
82930,2016-07-05
82930,2016-07-05
82945,2016-09-27
82950,2016-06-14
82950,2016-06-14
82950,2016-06-14
82996,2016-07-26
82996,2016-07-26
82998,2016-07-26
83013,2016-07-26
83041,2016-07-07
83043,2016-06-22
83043,2016-06-22
83134,2016-07-27
83148,2016-04-26
83321,2016-07-26
83321,2016-07-26
83327,2016-08-15
83351,2016-09-20
83351,2016-03-16
83351,2016-03-16
83403,2016-09-12
83403,2016-09-12
83415,2016-09-02
83415,2016-09-02
83424,2016-09-21
83424,2016-09-21
83424,2016-09-21
83424,2016-03-01
83424,2016-03-01
83424,2016-03-01
83436,2016-06-28
83436,2016-06-28
83472,2016-09-07
83472,2016-03-22
83475,2016-03-03
83475,2016-03-03
83476,2016-04-28
83524,2016-03-10
83524,2016-03-10
83538,2016-07-19
83538,2016-07-19
83553,2016-09-28
83553,2016-09-28
83575,2016-04-11
83575,2016-04-11
83575,2016-04-11
83579,2016-06-14
83579,2016-06-14
83588,2016-06-01
83589,2016-09-20
83589,2016-09-20
83589,2016-09-20
83602,2016-06-30
83605,2016-09-15
83612,2016-03-11
83616,2016-08-29
83633,2016-04-11
83643,2016-04-15
83643,2016-04-15
83644,2016-06-08
83647,2016-07-14
83647,2016-07-14
83647,2016-07-14
83648,2016-06-28
83655,2016-07-14
83655,2016-07-14
83688,2016-09-19
83688,2016-09-19
83688,2016-09-19
83688,2016-09-19
83696,2016-06-14
83704,2016-03-31
83709,2016-08-08
83709,2016-08-08
83778,2016-04-01
83778,2016-04-01
83779,2016-08-15
83779,2016-02-26
83799,2016-06-03
83799,2016-06-03
83804,2016-04-05
83804,2016-04-05
83808,2016-09-07
83808,2016-09-07
83808,2016-03-29
83808,2016-03-29
83808,2016-03-29
83808,2016-03-29
83822,2016-07-26
83824,2016-08-26
83827,2016-03-10
83827,2016-03-10
83827,2016-03-10
83842,2016-03-23
83844,2016-07-06
83844,2016-06-29
83844,2016-06-29
83844,2016-06-29
83889,2016-08-09
83889,2016-08-09
83955,2016-04-26
83955,2016-04-26
83955,2016-04-26
83986,2016-06-24
83986,2016-06-24
83990,2016-06-28
83998,2016-04-29
84037,2016-03-29
84037,2016-03-29
84038,2016-08-09
84038,2016-08-09
84038,2016-04-04
84065,2016-09-01
84103,2016-06-24
84103,2016-06-24
84195,2016-05-09
84195,2016-05-09
84195,2016-05-09
84205,2016-08-17
84205,2016-08-17
84205,2016-08-17
84205,2016-08-17
84205,2016-03-04
84256,2016-05-27
84339,2016-04-13
84381,2016-06-28
84387,2016-07-28
84387,2016-07-28
84394,2016-08-30
84394,2016-08-30
84394,2016-08-30
84517,2016-07-27
84530,2016-03-23
84573,2016-09-15
84581,2016-07-28
84581,2016-07-28
84582,2016-09-08
84582,2016-09-08
84587,2016-04-22
84587,2016-04-22
84615,2016-06-28
84615,2016-06-28
84615,2016-06-28
84619,2016-09-08
84634,2016-04-12
84656,2016-04-12
84656,2016-04-12
84690,2016-08-24
84729,2016-06-07
84729,2016-06-07
84759,2016-07-26
84770,2016-05-18
84893,2016-05-10
84893,2016-05-10
84899,2016-06-06
84911,2016-06-09
84911,2016-06-09
85063,2016-06-16
85091,2016-08-02
85095,2016-06-08
85102,2016-06-09
85102,2016-06-09
85102,2016-06-09
85109,2016-09-28
85109,2016-09-28
85109,2016-09-28
85109,2016-03-04
85109,2016-03-04
85109,2016-03-04
85135,2016-08-04
85135,2016-08-19
85135,2016-07-12
85135,2016-07-12
85144,2016-03-09
85164,2016-04-19
85164,2016-04-19
85175,2016-05-05
85175,2016-05-05
85185,2016-06-07
85224,2016-06-21
85258,2016-04-05
85258,2016-04-05
85279,2016-06-08
85295,2016-07-05
85295,2016-07-05
85295,2016-07-05
85299,2016-06-24
85316,2016-08-05
85317,2016-05-27
85317,2016-07-09
85317,2016-07-09
85317,2016-07-09
85319,2016-03-15
85319,2016-03-15
85327,2016-02-29
85344,2016-04-06
85458,2016-08-27
85458,2016-08-27
85468,2016-04-13
85480,2016-06-29
85562,2016-06-22
85562,2016-06-22
85562,2016-06-22
85582,2016-04-26
85582,2016-04-26
85582,2016-04-26
85587,2016-09-27
85587,2016-09-27
85587,2016-09-27
85601,2016-02-26
85609,2016-04-26
85609,2016-04-26
85609,2016-04-26
85655,2016-08-29
85655,2016-08-29
85690,2016-07-27
85696,2016-07-06
85706,2016-09-08
85706,2016-09-08
85731,2016-06-22
85738,2016-03-18
85738,2016-03-18
85739,2016-03-10
85750,2016-03-30
85750,2016-03-30
85779,2016-03-09
85781,2016-03-11
85781,2016-03-11
85787,2016-09-12
85790,2016-04-06
85790,2016-04-06
85802,2016-08-10
85809,2016-08-16
85809,2016-08-16
85824,2016-06-29
85824,2016-06-29
85843,2016-09-26
85843,2016-03-08
85843,2016-03-08
85856,2016-08-17
85856,2016-08-17
85856,2016-08-17
85856,2016-08-17
85856,2016-08-17
85857,2016-09-30
85908,2016-06-18
85908,2016-06-18
85919,2016-03-28
85924,2016-09-29
85924,2016-09-29
85924,2016-09-29
85953,2016-05-16
85955,2016-07-05
85955,2016-07-05
85956,2016-06-30
85972,2016-03-21
85987,2016-03-22
85990,2016-08-10
85990,2016-08-10
86111,2016-02-24
86111,2016-02-24
86133,2016-07-27
86147,2016-05-02
86148,2016-03-11
86151,2016-08-24
86154,2016-08-31
86161,2016-03-03
86166,2016-08-23
86166,2016-08-23
86168,2016-02-23
86168,2016-02-23
86189,2016-04-04
86256,2016-07-18
86261,2016-08-24
86261,2016-02-29
86271,2016-06-28
86277,2016-03-19
86283,2016-07-08
86294,2016-07-14
86296,2016-02-23
86301,2016-09-23
86301,2016-03-24
86303,2016-03-17
86303,2016-03-17
86306,2016-05-16
86306,2016-05-16
86306,2016-05-16
86330,2016-08-08
86350,2016-08-22
86350,2016-08-22
86359,2016-07-14
86371,2016-02-26
86386,2016-09-26
86405,2016-09-20
86405,2016-09-20
86405,2016-09-20
86406,2016-04-27
86471,2016-09-29
86471,2016-09-29
86471,2016-09-29
86471,2016-09-29
86471,2016-09-29
86490,2016-03-19
86490,2016-03-19
86491,2016-08-02
86539,2016-08-10
86545,2016-05-20
86545,2016-05-20
86545,2016-05-20
86545,2016-05-20
86567,2016-08-30
86568,2016-04-27
86593,2016-07-13
86593,2016-07-13
86629,2016-09-27
86629,2016-04-04
86643,2016-03-03
86643,2016-03-03
86645,2016-07-20
86645,2016-07-20
86656,2016-05-12
86658,2016-09-29
86658,2016-03-10
86658,2016-03-10
86658,2016-03-10
86670,2016-03-25
86670,2016-03-25
86670,2016-03-25
86681,2016-03-14
86681,2016-03-14
86682,2016-03-01
86694,2016-03-04
86715,2016-03-03
86715,2016-03-03
86765,2016-07-28
86777,2016-07-21
86798,2016-09-23
86798,2016-09-23
86814,2016-06-02
86845,2016-03-29
86849,2016-05-28
86885,2016-04-13
86924,2016-08-01
86924,2016-08-01
86933,2016-04-11
86972,2016-03-23
86972,2016-03-23
86972,2016-03-23
86977,2016-09-22
86977,2016-09-22
87015,2016-06-30
87068,2016-09-22
87068,2016-06-17
87068,2016-06-17
87068,2016-06-24
87079,2016-06-07
87117,2016-08-09
87117,2016-08-09
87149,2016-04-05
87213,2016-08-08
87277,2016-05-13
87282,2016-04-11
87337,2016-08-12
87338,2016-07-13
87469,2016-06-06
87615,2016-09-12
87652,2016-07-21
87652,2016-07-21
87652,2016-07-21
87652,2016-07-21
87664,2016-08-16
87799,2016-06-21
87814,2016-07-25
87815,2016-08-08
87858,2016-06-28
88082,2016-08-30
88082,2016-08-30
88082,2016-08-30
88092,2016-07-01
88129,2016-09-12
88160,2016-09-22
88160,2016-09-22
88162,2016-09-22
88340,2016-08-11
88340,2016-08-11
88340,2016-08-19
88342,2016-08-31
88447,2016-08-17
88461,2016-07-12
88475,2016-08-26
88475,2016-08-26
88575,2016-10-04
88575,2016-10-04
88575,2016-10-04
88659,2016-08-12
88659,2016-08-12
88792,2016-09-01
88878,2016-08-19
89072,2016-09-22
89072,2016-09-22
